{
  "accuracy": 0.8502509760178472,
  "classification_report": {
    "0": {
      "precision": 0.8970189701897019,
      "recall": 1.0,
      "f1-score": 0.9457142857142857,
      "support": 331.0
    },
    "1": {
      "precision": 1.0,
      "recall": 0.9976851851851852,
      "f1-score": 0.9988412514484357,
      "support": 432.0
    },
    "2": {
      "precision": 0.9198813056379822,
      "recall": 1.0,
      "f1-score": 0.9582689335394127,
      "support": 310.0
    },
    "3": {
      "precision": 0.9722222222222222,
      "recall": 1.0,
      "f1-score": 0.9859154929577465,
      "support": 245.0
    },
    "4": {
      "precision": 0.9521988527724665,
      "recall": 1.0,
      "f1-score": 0.9755142017629774,
      "support": 498.0
    },
    "5": {
      "precision": 0.7857142857142857,
      "recall": 0.8461538461538461,
      "f1-score": 0.8148148148148148,
      "support": 247.0
    },
    "6": {
      "precision": 0.9261363636363636,
      "recall": 0.9367816091954023,
      "f1-score": 0.9314285714285714,
      "support": 348.0
    },
    "7": {
      "precision": 0.9927536231884058,
      "recall": 0.9426605504587156,
      "f1-score": 0.9670588235294117,
      "support": 436.0
    },
    "8": {
      "precision": 0.8071895424836601,
      "recall": 0.8576388888888888,
      "f1-score": 0.8316498316498316,
      "support": 288.0
    },
    "10": {
      "precision": 0.7918367346938775,
      "recall": 0.5861027190332326,
      "f1-score": 0.6736111111111112,
      "support": 331.0
    },
    "11": {
      "precision": 0.920704845814978,
      "recall": 1.0,
      "f1-score": 0.9587155963302753,
      "support": 209.0
    },
    "12": {
      "precision": 0.8198924731182796,
      "recall": 0.7741116751269036,
      "f1-score": 0.7963446475195822,
      "support": 394.0
    },
    "13": {
      "precision": 0.9009433962264151,
      "recall": 0.6563573883161512,
      "f1-score": 0.7594433399602386,
      "support": 291.0
    },
    "14": {
      "precision": 0.9166666666666666,
      "recall": 0.9390243902439024,
      "f1-score": 0.927710843373494,
      "support": 246.0
    },
    "15": {
      "precision": 1.0,
      "recall": 1.0,
      "f1-score": 1.0,
      "support": 347.0
    },
    "16": {
      "precision": 0.9939393939393939,
      "recall": 1.0,
      "f1-score": 0.9969604863221885,
      "support": 164.0
    },
    "17": {
      "precision": 0.2631578947368421,
      "recall": 0.4513888888888889,
      "f1-score": 0.33248081841432225,
      "support": 144.0
    },
    "18": {
      "precision": 0.7764227642276422,
      "recall": 0.7764227642276422,
      "f1-score": 0.7764227642276422,
      "support": 246.0
    },
    "19": {
      "precision": 0.8232558139534883,
      "recall": 0.7137096774193549,
      "f1-score": 0.7645788336933045,
      "support": 248.0
    },
    "20": {
      "precision": 0.5414201183431953,
      "recall": 0.6879699248120301,
      "f1-score": 0.6059602649006622,
      "support": 266.0
    },
    "21": {
      "precision": 0.8358778625954199,
      "recall": 0.6329479768786127,
      "f1-score": 0.7203947368421053,
      "support": 346.0
    },
    "22": {
      "precision": 0.6593886462882096,
      "recall": 0.7330097087378641,
      "f1-score": 0.6942528735632184,
      "support": 206.0
    },
    "23": {
      "precision": 0.7814814814814814,
      "recall": 0.7902621722846442,
      "f1-score": 0.7858472998137802,
      "support": 267.0
    },
    "24": {
      "precision": 0.8542372881355932,
      "recall": 0.7590361445783133,
      "f1-score": 0.8038277511961722,
      "support": 332.0
    },
    "accuracy": 0.8502509760178472,
    "macro avg": {
      "precision": 0.8388475227527739,
      "recall": 0.8367193129345658,
      "f1-score": 0.8335732322547327,
      "support": 7172.0
    },
    "weighted avg": {
      "precision": 0.8613744520824587,
      "recall": 0.8502509760178472,
      "f1-score": 0.8520572710047413,
      "support": 7172.0
    }
  },
  "labels": [
    0,
    1,
    2,
    3,
    4,
    5,
    6,
    7,
    8,
    10,
    11,
    12,
    13,
    14,
    15,
    16,
    17,
    18,
    19,
    20,
    21,
    22,
    23,
    24
  ],
  "letters": [
    "A",
    "B",
    "C",
    "D",
    "E",
    "F",
    "G",
    "H",
    "I",
    "K",
    "L",
    "M",
    "N",
    "O",
    "P",
    "Q",
    "R",
    "S",
    "T",
    "U",
    "V",
    "W",
    "X",
    "Y"
  ]
}