{
  "accuracy": 0.8151143335192415,
  "classification_report": {
    "0": {
      "precision": 0.9297752808988764,
      "recall": 1.0,
      "f1-score": 0.9636098981077147,
      "support": 331.0
    },
    "1": {
      "precision": 0.9758454106280193,
      "recall": 0.9351851851851852,
      "f1-score": 0.9550827423167849,
      "support": 432.0
    },
    "2": {
      "precision": 0.9327217125382263,
      "recall": 0.9838709677419355,
      "f1-score": 0.957613814756672,
      "support": 310.0
    },
    "3": {
      "precision": 0.8981132075471698,
      "recall": 0.9714285714285714,
      "f1-score": 0.9333333333333333,
      "support": 245.0
    },
    "4": {
      "precision": 0.8966789667896679,
      "recall": 0.9759036144578314,
      "f1-score": 0.9346153846153846,
      "support": 498.0
    },
    "5": {
      "precision": 0.9068825910931174,
      "recall": 0.9068825910931174,
      "f1-score": 0.9068825910931174,
      "support": 247.0
    },
    "6": {
      "precision": 0.9256965944272446,
      "recall": 0.8591954022988506,
      "f1-score": 0.8912071535022354,
      "support": 348.0
    },
    "7": {
      "precision": 0.9854368932038835,
      "recall": 0.9311926605504587,
      "f1-score": 0.9575471698113207,
      "support": 436.0
    },
    "8": {
      "precision": 0.8233082706766918,
      "recall": 0.7604166666666666,
      "f1-score": 0.7906137184115524,
      "support": 288.0
    },
    "10": {
      "precision": 0.724025974025974,
      "recall": 0.6737160120845922,
      "f1-score": 0.6979655712050078,
      "support": 331.0
    },
    "11": {
      "precision": 0.8353413654618473,
      "recall": 0.9952153110047847,
      "f1-score": 0.9082969432314411,
      "support": 209.0
    },
    "12": {
      "precision": 0.9169675090252708,
      "recall": 0.6446700507614214,
      "f1-score": 0.7570789865871833,
      "support": 394.0
    },
    "13": {
      "precision": 0.7841409691629956,
      "recall": 0.6116838487972509,
      "f1-score": 0.6872586872586872,
      "support": 291.0
    },
    "14": {
      "precision": 0.990521327014218,
      "recall": 0.8495934959349594,
      "f1-score": 0.9146608315098468,
      "support": 246.0
    },
    "15": {
      "precision": 0.9060052219321149,
      "recall": 1.0,
      "f1-score": 0.9506849315068493,
      "support": 347.0
    },
    "16": {
      "precision": 0.8716577540106952,
      "recall": 0.9939024390243902,
      "f1-score": 0.9287749287749287,
      "support": 164.0
    },
    "17": {
      "precision": 0.24734982332155478,
      "recall": 0.4861111111111111,
      "f1-score": 0.32786885245901637,
      "support": 144.0
    },
    "18": {
      "precision": 0.5726256983240223,
      "recall": 0.8333333333333334,
      "f1-score": 0.6788079470198676,
      "support": 246.0
    },
    "19": {
      "precision": 0.5502793296089385,
      "recall": 0.7943548387096774,
      "f1-score": 0.6501650165016502,
      "support": 248.0
    },
    "20": {
      "precision": 0.6818181818181818,
      "recall": 0.6766917293233082,
      "f1-score": 0.6792452830188679,
      "support": 266.0
    },
    "21": {
      "precision": 0.8450704225352113,
      "recall": 0.5202312138728323,
      "f1-score": 0.6440071556350626,
      "support": 346.0
    },
    "22": {
      "precision": 0.5057915057915058,
      "recall": 0.6359223300970874,
      "f1-score": 0.5634408602150538,
      "support": 206.0
    },
    "23": {
      "precision": 0.8448275862068966,
      "recall": 0.7340823970037453,
      "f1-score": 0.7855711422845691,
      "support": 267.0
    },
    "24": {
      "precision": 0.9146919431279621,
      "recall": 0.5813253012048193,
      "f1-score": 0.7108655616942909,
      "support": 332.0
    },
    "accuracy": 0.8151143335192415,
    "macro avg": {
      "precision": 0.8110655641320953,
      "recall": 0.8064545446535805,
      "f1-score": 0.7989666043687683,
      "support": 7172.0
    },
    "weighted avg": {
      "precision": 0.8397683375316909,
      "recall": 0.8151143335192415,
      "f1-score": 0.8183169296892663,
      "support": 7172.0
    }
  },
  "labels": [
    0,
    1,
    2,
    3,
    4,
    5,
    6,
    7,
    8,
    10,
    11,
    12,
    13,
    14,
    15,
    16,
    17,
    18,
    19,
    20,
    21,
    22,
    23,
    24
  ],
  "letters": [
    "A",
    "B",
    "C",
    "D",
    "E",
    "F",
    "G",
    "H",
    "I",
    "K",
    "L",
    "M",
    "N",
    "O",
    "P",
    "Q",
    "R",
    "S",
    "T",
    "U",
    "V",
    "W",
    "X",
    "Y"
  ]
}